{"cameraMode":{"drawMode":0,"name":"Shaded","section":"Shading Mode"},"sceneLighting":true,"audioPlay":false,"sceneViewState":{"showFog":true,"showMaterialUpdate":false,"showSkybox":true,"showFlares":true,"showImageEffects":true,"showParticleSystems":true},"in2DMode":false,"pivot":{"x":1.8819580078125,"y":12.599365234375,"z":1.5146484375},"rotation":{"x":0.09732713550329209,"y":0.01940613053739071,"z":-0.0018981400644406677,"w":0.9950618147850037},"size":4.418922424316406,"orthographic":true}