{"cameraMode":{"drawMode":0,"name":"Shaded","section":"Shading Mode"},"sceneLighting":true,"audioPlay":false,"sceneViewState":{"showFog":true,"showMaterialUpdate":false,"showSkybox":true,"showFlares":true,"showImageEffects":true,"showParticleSystems":true},"in2DMode":false,"pivot":{"x":20.899999618530275,"y":-1.494779109954834,"z":7.300000190734863},"rotation":{"x":0.37003108859062197,"y":-0.5790813565254211,"z":0.33148232102394106,"w":0.6464272141456604},"size":9.705728530883789,"orthographic":true}